{
    "UNISWAP:HEXUSDT": {
        "high": 0.23128037221905506,
        "low": 0.2169691581052521,
        "open": 0.23128037221905506,
        "close": 0.2298538130915579
    },
    "BINANCE:BNBUSDT": {
        "high": 524.9,
        "low": 521.6,
        "open": 523.1,
        "close": 523.7
    }
}